1,æéç,mental_health
2,ç¦èç,mental_health
3,å¿çåä¼¤,mental_health
4,åç¸ææéç¢,mental_health
5,å¼ºè¿«ç,mental_health
6,æ³¨æåç¼ºé·å¤å¨éç¢ADHD,mental_health
7,PTSDåä¼¤åºæ¿ç»¼åç,mental_health
8,èº¯ä½åååº,mental_health
9,ç¡ç é®é¢,mental_health
10,åé¿åäººæ ¼,mental_health
11,ç¤¾äº¤ææ§,mental_health
12,èªæå¾å,mental_health
13,èªæ®è¡ä¸ºé®é¢,mental_health
14,è¾¹ç¼åäººæ ¼éç¢BPD,mental_health
15,å¾®ç¬æéç,mental_health
16,æ´é¥®æ´é£,mental_health
17,æç¾é®é¢,mental_health
18,äººæ ¼éç¢,mental_health
19,ä¸§å¤±ä¸åä¼¤è¾å¯¼,mental_health
20,åæ§åäººæ ¼éç¢,mental_health
21,èªææ§äººæ ¼ç¹è´¨,mental_health
22,è¡¨æ¼åäººæ ¼,mental_health
23,å¦æ³æ§éç¢,mental_health
24,æç©ç,mental_health
25,äº§åæé,mental_health
26,æ§å«è®¤å,mental_health
27,èºçç,mental_health
28,èªé­ç,mental_health
29,å²å¨æ§å¶/ç ´åæ§è¡ä¸º,mental_health
30,æ¯å¾·å¥å°æ©ç»¼åç,mental_health
31,æé«,mental_health
32,è¿é£éç¢(åé£ç),mental_health
33,æå­/å´äº§æ/äº§åå¿çå¥åº·,mental_health
34,å¼è£ç,mental_health
35,å¹½é­ææ§ç,mental_health
36,æ´å¹´ææç»ªé®é¢,mental_health
37,å·¨ç©ææ§ç,mental_health
38,å¨è´¨æ§ç²¾ç¥éç¢,mental_health
39,å¼é£ç,mental_health
40,å¤±æåæ,love
41,ææåä¼¤,love
42,åé¿åä¾æ,love
43,åç¦»ç¦è,love
44,æ©å¶ç¦è,love
45,åä»»æç»,love
46,ç¬¬ä¸èå°æ°,love
47,å¤éæç±å°æ°,love
48,å¼å°æ,love
49,å¤å¥³æç»,love
50,ç»å©ææ§,love
51,åæå°æ°,love
52,å·æ´å,love
53,ç¸äº²ææ§,love
54,ç±æå«å¦,love
55,æ§åæ,love
56,æç±æç¾,love
57,å¤ç·æç»,love
58,äººéå³ç³»ææ,interpersonal
59,ç¤¾äº¤ç¦è,interpersonal
60,ç¤¾äº¤å°é¾,interpersonal
61,ç¤¾äº¤éç¼©,interpersonal
62,ç¤¾äº¤æå·§,interpersonal
63,ç¤¾äº¤å­¤ç«,interpersonal
64,å¼æ§ææ§,interpersonal
65,è¢«å®³å¦æ³,interpersonal
66,åè°å«å¦,interpersonal
67,å¯¹è§ææ§,interpersonal
68,ä½åææ§,interpersonal
69,ç½ç»äººéå³ç³»æç¾,interpersonal
70,çµè¯ææ§,interpersonal
71,ç½ç»æ´å,interpersonal
72,åèæç»ª,emotion
73,ç¦èæç»ª,emotion
74,æéæç»ª,emotion
75,ææ§,emotion
76,æ ä»·å¼æ,emotion
77,æç»ªè°èå°é¾,emotion
78,æ´èºææ,emotion
79,æç»ªä½è½,emotion
80,å­¤ç¬,emotion
81,èªè´£,emotion
82,æç»ªå¤±æ§,emotion
83,æ­»äº¡ç¦è,emotion
84,ç©ºèæ,emotion
85,åæ,emotion
86,æç»ªæ§è¿é£,emotion
87,æææ·¡æ¼ ,emotion
88,æ¨æ¨å¿ç,emotion
89,å¤±è´¥ææ§,emotion
90,ç©ºå¿ç,emotion
91,è´åº,emotion
92,ç¯ç½ªææ§,emotion
93,å¤è¡¨ç¦è,emotion
94,èºç,emotion
95,åçå®¶åº­åä¼¤,marriage
96,ä¼´ä¾£æ²é,marriage
97,å©å¤æ§,marriage
98,å³ç³»ä¿®å¤,marriage
99,äº²å¯å³ç³»,marriage
100,èå¬åºè½¨,marriage
101,äº²å­æ²é,marriage
102,å©å§»å±æº,marriage
103,å®¶åº­å²çª,marriage
104,ç¦»å©å¨è¯¢,marriage
105,å©åª³çç¾,marriage
106,ç²¾ç¥åºè½¨,marriage
107,ææåæ,marriage
108,ä¸è§å³ç³»,marriage
109,ä¾æé®é¢,marriage
110,å©å§»å¦æ ,marriage
111,éç·è½»å¥³,marriage
112,å·æ´å,marriage
113,å¬å©åå,marriage
114,å®¶æ´åä¼¤,marriage
115,æå©,marriage
116,è²å¿åæ­§,marriage
117,åå¨©ææ§,marriage
118,ä¸§å¶,marriage
119,ä¼å­¦åå­¦,parenting
120,éå°å¹´æç»ªé®é¢,parenting
121,éå°å¹´æé,parenting
122,éå°å¹´å­¦ä¸åå,parenting
123,æªæå¹´ç½ç¾,parenting
124,éå°å¹´äººéå³ç³»,parenting
125,èªå/ä¸èªä¿¡,parenting
126,å­¦ä¹ æå»¶,parenting
127,æ§æè²,parenting
128,éæ¥ææ§å¿ç,parenting
129,èè¯ç¦è,parenting
130,ææ¯æç»,parenting
131,éæ¥æåé,parenting
132,æ©æ,parenting
133,æ ¡å­æ´ååä¼¤,parenting
134,å¿ç«¥åç¦»ç¦è,parenting
135,æ³¨æåé®é¢,parenting
136,æ´åå¾å,parenting
137,å¤å¨ç,parenting
138,æ ¡å­æ¬ºå,parenting
139,éå­¦,parenting
140,æªæå¹´äººæ§å«è®¤ç¥å°é¾,parenting
141,æ»å»è¡ä¸ºé®é¢,parenting
142,éæ¥æé£é©è¡ä¸º,parenting
143,å¿ç«¥èªé­å¾å,parenting
144,å¹¼å¿å¥å­ææ§,parenting
145,èªçå°é¾,parenting
146,å·¥ä½è¿·è«,career
147,èä¸åå±,career
148,èåºäººé,career
149,èä¸å¦æ ,career
150,å¤±ä¸ç¦è,career
151,å°±ä¸åå,career
152,å¥èç¦è,career
153,åå·,career
154,æ²éæè½,career
155,èåºPUA,career
156,èåºé¸å,career
157,èåºæå,career
158,æ½è§å,career
159,è·³æ§½,career
160,åçº§å³ç³»,career
161,èåºä¿¡ä»»,career
162,èåºææ,career
163,èåºæ­§è§,career
164,æ§ç¾,sexual
165,æ§åæ,sexual
166,æ§åå,sexual
167,æ§çæ´»ä¸åè°,sexual
168,åæ§æ,sexual
169,æ§å¥åº·ååè½æ§éç¢,sexual
170,æ§åä¼¤,sexual
171,åæ§æ,sexual
172,æ§å·æ·¡,sexual
173,æ§ä¾µåä¼¤çåç¾¤,sexual
174,è·¨æ§å«,sexual
175,ç«¥å¹´åä¼¤,growth
176,èªææ¢ç´¢,growth
177,èªæä»·å¼,growth
178,å­¦ä¸åå,growth
179,å¥³æ§æé¿,growth
180,èªå,growth
181,è®¨å¥½åäººæ ¼,growth
182,å®ç¾ä¸»ä¹,growth
183,æå»¶ç,growth
184,æ§æ ¼ç¼ºé·,growth
185,ç·æ§æé¿,growth
186,æ¶é´ç®¡ç,growth
187,éæ©å°é¾,growth
188,ææ«å,growth
189,èªå°,growth
190,å®æä¿¡ä»°,growth
191,ä¸­å¹´å±æº,growth
192,åä¸æ§æ··ä¹±,growth
193,çå­¦éåº,growth
194,ç¡åæå»¶,growth
195,å½¼å¾æ½ç»¼åå¾,growth
196,éçæ§æ¶è´¹,growth
197,ç®è¤é¥¥æ¸´,growth
198,åç¤¾ä¼è¡ä¸º,growth
199,è·¨æåéåºåå,growth
200,èè£å¿,growth
